	adj_UMAP1	adj_UMAP2
0	411.05604478804753	748.2625907243349
1	169.55697812778664	184.04652624583443
2	289.27156393323844	143.31031302036817
3	467.7434574307604	576.8006286849505
4	669.3687671361206	362.88319632992346
5	524.685365366427	382.2361494963188
6	266.7034868991939	209.10582942534862
7	201.4989651189616	253.4445649088493
8	562.7154453101516	641.8043819562971
9	187.39992588932293	248.10581920777474
10	430.89273563074784	1181.2602345202185
11	35.946396740656155	964.7887203819423
12	384.0019388168234	1098.2776373855324
13	543.4635524154784	1144.3081617181733
14	634.8447083132942	1338.1985143200857
15	345.9874096784465	922.0882830736247
16	341.160765687835	1135.142493622655
17	250.0372950954727	1067.2206114944026
18	304.18094216058716	1103.0428333417667
19	479.484255460666	1295.6725101416137
20	497.9414124864096	1939.8146672670568
21	341.95998925895105	1958.3956461573582
22	178.08415578629373	1555.861863298033
23	213.07443481141573	1703.3546476977492
24	392.2522508996154	1810.6880803422648
25	332.6527945926043	1747.5805275840921
26	520.0710576507771	2050.11685636412
27	448.2123554460678	2053.104704498034
28	450.7515490678609	2056.0830067912652
29	448.8511534813837	2440.413533658104
30	507.858900263976	2592.878037637633
31	325.1277398249853	2555.262757883735
32	441.3730009866922	2473.221840869225
33	99.65770015536384	2584.818442955133
34	288.60338377989683	2616.7689790179024
35	293.1887174689051	2732.994091192903
36	613.3561162312342	2914.501920296157
37	356.9832878075682	2714.1403964891965
38	305.6830864698529	3278.6681554629395
39	273.2403765251467	3345.4629488444175
40	208.30711830205507	3272.187101213183
41	543.1192960126073	3531.8951749749344
42	633.9767712347257	3646.2121530478244
43	506.3836156020802	3388.954233941469
44	442.92710594039016	3375.255831088806
45	27.754847358978225	3259.233312423875
46	334.47344363452936	3276.9875740015136
47	474.1343389196421	3375.1435150010375
48	463.22397072484625	4276.638214545644
49	110.42959833598474	3859.2416462962233
50	494.57536980672046	4246.5548247618235
51	194.93099375844056	3941.255859794298
52	538.3696551778904	4269.117367099689
53	419.64945037644765	4202.975071912882
54	312.7895801372716	4149.9977480901925
55	424.18777251336206	4097.965762698789
56	455.6996349451964	4192.876345866482
57	336.14397422385275	4013.377158933964
58	319.01057981206526	4800.997048487839
59	307.2402776537905	4837.474738636314
60	476.1881296852438	4985.1241060640405
61	491.51277002217574	4995.463197653786
62	384.9928025353268	4889.895166988499
63	296.800924199737	4819.967474637907
64	160.53843993271127	4567.3780904202295
65	440.8386609549163	4957.656762358547
66	505.76758321357886	5000.972091297086
67	367.1098319904463	4895.071323455744
68	306.34808817048634	5610.712388080412
69	355.3142466053787	5383.341412958662
70	708.8945751535758	5795.702702623635
71	318.4786005995501	5482.961342959268
72	283.52407223766363	5675.438061616662
73	105.31593226905892	5711.138058184832
74	426.8538167675769	5603.086406940383
75	572.0424735055005	5477.048352591126
76	329.75578984780367	5791.007839026613
77	343.4724048434291	5719.563435018407
78	453.7589892060978	6539.914032575489
79	285.2815182238925	6243.83701332235
80	434.20750015327525	6453.465649124328
81	186.35884214997873	6164.601318255887
82	395.7323014374066	6341.043457970975
83	613.0455892660361	6659.892158398596
84	133.16695896226383	6088.396126574604
85	392.6385684734002	6379.080566033547
86	508.6625874206133	6527.105526464654
87	347.14714470704416	6352.664151279571
88	404.6760605086073	7112.917464823627
89	478.42531673375146	7227.246482609043
90	507.1899777498385	7229.71182140309
91	392.0600811191885	7146.919189462905
92	325.517309449821	7027.787748708739
93	129.65825519909043	6841.393885365556
94	482.8429758444708	7331.434835158369
95	347.8264879589537	7138.78784659653
96	306.80353543628354	7068.800725872127
97	374.4597069351281	7875.233478443544
98	435.6452773829242	7877.77979035778
99	284.20008363900496	7930.039549752763
100	146.65259447009296	7577.539981866873
101	473.41191228329933	8113.862416544083
102	361.1656538915131	7692.809985656815
103	529.7984530565273	8012.130670280911
104	598.1180870571404	8099.934529392506
105	240.14175345916453	7910.179414369959
106	229.14157623483993	7593.498333260405
107	452.2649015903909	7941.991850074329
108	422.40448935963633	8767.344237193356
109	277.0616094538746	8592.792416973954
110	490.8759653013578	8636.393087752987
111	317.42512781490734	8445.028252332777
112	429.8043215129793	8475.794359459955
113	198.24045718387052	8591.81425303193
114	181.46472625887924	8651.517344578551
115	682.7233031144949	8839.316048676492
116	375.0607271552924	9356.421152072455
117	360.57222275018825	9316.388899360263
118	367.1081641909287	9309.603209721137
119	345.7610837430202	9300.054054539707
120	418.6747766435036	9357.04362268586
121	352.4472886226234	9339.269703184149
122	411.8624886485328	9363.268328819899
123	351.0645195518933	9343.481915537006
124	378.7779337428833	9314.71838443994
125	388.6707949511368	9749.750729639589
126	171.4732576005127	9972.913318012825
127	457.9315301130524	10182.73038658727
128	416.28172090279634	10261.04061288899
129	259.95669283270456	9960.020688377932
130	466.31704186735743	10387.517663106735
131	253.30585333832354	10192.375871351329
132	699.6367733171605	10255.733071272745
133	465.27169351858225	10110.869000099006
134	184.8254365095054	9801.799388303178
135	315.99958941372967	10636.997753116473
136	68.06606282862077	10710.8383721292
137	294.79782751898665	10833.860519378586
138	318.10405047192523	10829.35779263394
139	461.38163540644473	10778.16746065991
140	574.4451722911564	10892.703437018781
141	451.3444493853756	11242.146462665847
142	343.14577053129784	11095.6951044796
143	459.9877715886788	10912.743645732053
144	462.72767056379706	10817.48945218561
145	410.0370241742904	11719.59758479937
146	407.88425868575166	11575.308638904547
147	321.28642302665577	11730.1317553056
148	579.7427685888292	11684.041539851081
149	583.4602061024375	11936.719974450996
150	298.9302861087897	11427.328011414225
151	310.9776168038725	11592.097204858037
152	265.56564052620246	11543.439982898743
153	326.8969205212124	11569.187315700847
154	284.8417989036367	11391.128068513233
155	335.3770565583177	11706.019923303362
156	174.35198085833179	12058.19505620252
157	278.99964942843553	12556.203438100683
158	369.45311492921894	12452.936246423225
159	473.82683672296116	12281.558366034704
160	525.2697441193211	12365.950087670311
161	256.0257207519992	12359.48816665143
162	502.16958506554164	12461.654199718025
163	482.99331072023466	12539.648458399777
164	359.62057426000763	12122.556434131222
165	327.28948314392846	12551.80954666806
166	494.8348770799795	13480.33730768838
167	409.54264497004016	13308.120762086666
168	272.97408056868164	12938.213565137532
169	489.75539664356535	13113.690012193823
170	425.9188558065667	13216.698636849393
171	446.80566231586533	13239.010851249615
172	258.6944338049032	13135.951090884953
173	313.560919005449	12886.945755464296
174	262.9131298049452	12806.032018445308
175	421.83416325807906	13875.334411726617
176	360.5492332635749	13782.284348795505
177	362.55570362327546	14014.843818105557
178	451.7142491404846	13894.86564899783
179	365.53555097294975	14063.620157087802
180	341.13344765988535	13795.1950300981
181	346.6293451431524	14018.41883870677
182	322.951800571091	13981.494210559502
183	385.68385750160934	13823.584197032673
184	391.412648865913	13500.359338889644
185	943.9683467908293	317.2024790653777
186	1351.5263541894774	391.74383447800534
187	1337.6809617207155	582.6564128528233
188	789.0642777684809	238.61938787146502
189	1127.0666695677476	325.34888423007857
190	1293.260327550104	365.5005223894883
191	1151.2786248319335	547.6233743333801
192	1069.6467502459095	4.107808464964762
193	959.0304555674521	483.5080190070778
194	1227.4772317673371	493.6892773073391
195	1150.278748591958	1307.2737639987301
196	1116.2683976049698	1359.377389344714
197	1144.366819232375	997.2929418181513
198	1358.6329241661015	1418.3268769574256
199	1099.2498163759665	971.5762725328909
200	1153.0827816026444	1144.858809725563
201	1038.2961713046207	848.5473691859248
202	1040.202020036187	896.7990798622484
203	1106.933537112023	936.7928574648688
204	1042.6887839731544	1369.1546391094662
205	1144.9866565835314	1904.4552956616608
206	1057.8125679259476	1849.3743496303807
207	1113.8985972133341	2114.4382429660513
208	1071.782430653607	1990.8288931093416
209	1374.521055448899	2029.6259013272631
210	965.0370271295899	1549.6767969005014
211	1185.0052580870365	2051.3643028190168
212	1048.5820898802442	1811.1414592874278
213	1028.0136370798868	1512.7588573787784
214	1260.3606799979157	1936.335900919578
215	1088.8158792272425	2602.6786476623543
216	1251.338612738084	2779.7785014359606
217	1075.3495293158985	2382.330516445189
218	1040.316882147555	2574.002134790377
219	1355.015153803061	2862.547495259487
220	1018.1668145515733	2705.4179427702497
221	1225.9333560408795	2705.829259853129
222	866.8321199226907	2353.017747460633
223	1101.3085644814585	2621.0400993152543
224	1125.9361748188446	2545.556987777519
225	1225.9869129527128	2742.8006672298347
226	912.6382524862142	3219.596511365749
227	1025.4711612176839	3438.841087992217
228	1338.3026623005635	3565.8586714628154
229	1226.0886208565867	3469.768685047436
230	1216.6597638394974	3421.1067954671817
231	945.1445523990185	3251.4543802671355
232	881.2336940183418	3328.3870735792316
233	1078.5203074283816	3075.4319680187546
234	1168.029408898096	3431.942885743092
235	1457.9115765556016	3547.6119410564165
236	1108.813376614009	4262.929051788285
237	1136.5350105289951	4051.37059339051
238	1119.3080887679512	4103.917864484385
239	1134.6578542735842	4054.5647074376748
240	1020.6722089842879	3992.589066879449
241	1257.1021687626553	4277.0453978695505
242	1180.0765180170688	4129.139899406564
243	1321.705172875575	4210.840422711438
244	825.7427997182158	3899.012991347936
245	1145.3868014576517	4268.590004684183
246	1178.7903738662744	4788.726399355298
247	1421.5712561086466	4897.872908614015
248	1055.3425867541355	5086.4178636653405
249	897.8914910946843	5141.47251265979
250	1188.5517866124183	4875.131417147837
251	974.6861907228239	4531.443951093006
252	983.8080868671684	4575.310573383452
253	1097.6666387798018	5101.091607231898
254	1303.1482422963586	4754.087088033669
255	1148.543346897662	4998.445678815644
256	1293.5231114732724	5592.944462358574
257	1163.84249509591	5807.32331217495
258	750.1408823144247	5614.721776029291
259	1140.3922828861644	5490.6040187229355
260	1170.3913136923363	5640.108886869571
261	1189.8653612585913	5522.510315496311
262	1072.040504092612	5576.673436310686
263	1137.3805267402142	5508.459045319856
264	1211.9659403474773	5741.177819860407
265	1120.4575820990171	5755.476926857458
266	1041.8544763734697	6292.00668008467
267	1131.717945423657	6422.977140947875
268	977.1965413874258	6357.207153025954
269	1113.8411699261483	6046.809498789025
270	1411.3797753897177	6580.5529437486875
271	995.6158548401743	6273.104777622012
272	1044.1325362960226	6384.178183530076
273	1421.0675249551014	6605.149996017728
274	988.1941754082776	6413.013626233972
275	1422.6844563829054	7353.054739981466
276	1221.54160797477	7257.004567982481
277	961.6558754593201	7102.480523599504
278	1163.86363924116	7181.432681514763
279	1394.3510285306204	7253.17161473845
280	911.2059734433963	6989.131970164249
281	895.5123860807405	6840.54473622701
282	1226.7734221800765	7103.367334659835
283	927.411610706997	7044.811831132215
284	1000.7818947089288	7661.774678134453
285	1159.129240472277	7892.689087666337
286	1482.3837839833952	7988.5862269190675
287	1075.6625704761939	7923.888214739026
288	1017.323527801642	7855.387289423347
289	1096.3084404229407	7770.576784913032
290	1184.9183945778761	7965.6440624286715
291	1086.8946718412835	7813.260848194983
292	1059.356454772573	8016.979926268746
293	1087.2410209428897	7861.212881312364
294	1061.3721532198779	8426.313727930046
295	850.8660756752032	8453.860541090531
296	1097.9436252050612	8565.845388376414
297	1014.5653974457072	8621.248804250534
298	1478.571043480634	8749.950058871596
299	1387.4032389308559	8699.707084764445
300	1041.7229355755871	8772.870409626466
301	1080.1449925230168	8817.39450553531
302	1010.5870473947109	8397.28726203543
303	1175.8862691601082	8732.389882621912
304	1175.937221389245	8638.132334897284
305	956.0700860442543	9338.483169418676
306	1352.630418717507	9673.009047638645
307	1218.7962588175735	9369.698491736899
308	1166.3205900509386	9334.498947013384
309	1091.4573858640847	9264.13705852252
310	1129.6144066027332	9432.385822970882
311	919.8568152652376	9169.3527423092
312	1273.6286081572741	9407.88527324048
313	975.6656897042748	9450.673813021695
314	1165.9597407761362	9309.875634127637
315	1092.0533064512917	10065.363419227857
316	1095.7617274796066	10108.44422521637
317	997.457512832686	9988.371293740945
318	1017.4265794383031	9844.724958879555
319	1148.6969614609702	10118.557185050942
320	1155.1652938385612	10272.115026363745
321	1067.922548705252	10080.824966385297
322	992.362421016961	10120.84703850618
323	1285.5593536444876	10268.230333625166
324	1397.5942951318743	10382.521553003931
325	1176.7278484242106	11075.224599283114
326	1315.8048530839565	11008.193644858387
327	1197.2165552483723	10936.984006029523
328	1119.0862865589022	11048.648301377863
329	1121.637678610339	10853.730717477354
330	1082.3044204479052	10735.567370598123
331	1045.6321647026339	10638.10520602123
332	927.1821445591964	10556.4201888556
333	1139.4080483644966	11022.125965498817
334	1104.428489135954	11848.225847865364
335	1137.6681625738881	11730.169115459214
336	1090.8275520122104	11514.154231729168
337	1284.4446308196761	11887.682772110551
338	1124.112088354346	11707.73766335848
339	1207.1159382777537	11259.101144193148
340	1009.6780354624632	11670.441635665666
341	1084.7261970408113	11456.834394461097
342	1336.7659928446328	11541.318720223153
343	870.2329134782644	11634.334474934187
344	1185.6333904846917	12436.678979760436
345	1010.7534900142668	12196.6209513152
346	1078.1826114852831	12224.970524356875
347	971.8177750351624	12446.092879078435
348	1054.2667045471576	12078.102188320068
349	1315.7055753700947	12445.848362213032
350	1251.5163023656626	12728.013633215092
351	1333.8789318075155	12537.204178130942
352	923.2452188901918	12281.468303609894
353	1058.7858661733562	13151.826958046453
354	1243.7284877345771	13226.825804694476
355	978.4558994025462	12779.819139319568
356	1236.027980890551	13326.942971286107
357	1217.926148410134	13222.15754871394
358	1111.881989142308	12970.068199891897
359	1153.4079595431865	13141.009579384607
360	1248.7264128496902	13267.130060067217
361	1002.1444778052888	13130.551839778664
362	998.9147780483621	13033.667898817055
363	1122.3754453662336	14024.982649758715
364	960.9767434907038	13559.034320257426
365	1269.0545856307153	13835.37378827055
366	1125.950329384643	13856.399955543318
367	1065.5817701077099	14245.262709378716
368	1146.7555943377354	13791.846697393661
369	1167.9746622276846	13842.473775502935
370	1056.1545302680404	13785.182292200072
371	1210.176339186522	13934.443811694562
372	2034.9867839067042	591.0681130165983
373	2004.5796726705155	467.60132964743366
374	1819.8784160405103	552.9060291026617
375	1868.4059960028944	50.232260876632836
376	1706.5369854121	158.8681247948134
377	1873.1819495446896	678.6293314837712
378	1932.9590013519437	66.45435535149494
379	1695.3102857774422	614.4738047129729
380	2010.8089072640403	25.45609616566435
381	1803.352002029175	544.3105548479875
382	1694.9642718173984	796.0438683080062
383	1849.4101214046468	1110.4105876523531
384	1936.098605850519	1027.151971891602
385	2180.4912153710175	1259.6807075309314
386	2018.0882300558676	1187.1646240567954
387	1702.4984103601657	854.9761553840593
388	1890.5984746722174	1248.5510929145235
389	1985.5812954322537	1361.7347642537768
390	1906.57859002948	961.7310676171696
391	1820.131533222293	1319.9139104782462
392	1640.5592517841258	1247.6412499125368
393	1780.1564400644597	2237.808074798169
394	1890.9930743467298	1991.4117169866659
395	1826.381836362183	2218.463822214904
396	2039.6543400283288	1813.5645575777387
397	1886.7160842238377	2057.320395572517
398	1781.6136158151708	1903.1401174838627
399	1668.2049196373505	1641.520021963589
400	1817.3682100742278	1547.7391897567554
401	2048.573429187043	1618.348645596578
402	2010.3380502606683	1720.6834580491964
403	1728.784526899892	2793.2293293784965
404	1997.51630495769	2694.3959126337713
405	1833.951853699139	2963.68019079753
406	2121.2854861532046	2345.7897131799878
407	1767.6793133648152	2984.3150013847912
408	1826.2687444908347	2405.093426210951
409	1943.591073621217	2274.6484564423085
410	2014.3446645386916	2434.6414981761413
411	1641.5780322745272	2729.2064717960684
412	2075.924675775521	3691.6295543130836
413	1771.8174804191824	3331.4349478241434
414	2147.4112532896756	3575.341533659123
415	1898.9619133721378	3296.6125697408047
416	1759.6501127716526	3170.773013518076
417	1946.101598354616	3375.7480752931656
418	1753.1743580669888	3021.619929876116
419	1903.3243351115436	3498.7023140254564
420	1659.4582733986208	3313.474656928606
421	1834.1759994400613	3474.6634048214105
422	2032.8140167588003	4324.165743656181
423	1686.24177728895	3952.5772246465217
424	1835.3259806113965	4015.2334077537103
425	2082.7191449334086	4254.7756336623615
426	2024.8635229509	4141.784243076155
427	1560.3261053836654	3921.02612900916
428	2003.0111138495463	4150.612815463891
429	1734.5540191509313	4065.8513525532194
430	1738.6437547586015	4141.529381266135
431	2051.5005643138074	4282.444068912695
432	2161.548474119006	4783.186193909323
433	1871.0437428788634	4793.992473406723
434	1823.1786138583414	4722.592831583668
435	2057.9042886343564	4925.552095814472
436	1849.6219660635084	4831.541232723973
437	1955.1080239472356	5034.297938097589
438	1836.8654687317915	4702.101412310047
439	1652.5086446645587	4974.349937712276
440	1808.3894619481034	4759.972006741413
441	1733.831315154253	5222.413877700535
442	1858.7282052288665	5619.57237486459
443	2083.0167628074605	5937.016067520736
444	1961.77103895029	5578.9088016148335
445	1575.3044199239482	5457.531053169189
446	1871.716124119921	5505.309808704878
447	2059.5305315508467	5630.247505875425
448	1879.9134365149469	5434.917127229273
449	1698.7898466212898	5616.979034733865
450	1816.0536145868302	5726.644316116383
451	1945.1760196955915	5742.873910170843
452	1840.3693817465155	6235.65649883322
453	1667.648714014656	6327.745414965433
454	1993.5445056711997	6402.89321247034
455	2137.3891651943804	6642.9121609569
456	1691.0028795902417	6272.434738280249
457	1861.7566379832247	6474.0940126754585
458	1913.878088135692	6493.703802265059
459	1946.5462448352362	6282.888680210323
460	1778.6225955244886	6511.827702220098
461	1919.241787304353	6105.843777122894
462	1843.6208885380388	7055.419351228979
463	1975.1825028700237	7032.383951401016
464	1923.6701521484456	7229.2017054408725
465	1807.2139637774007	7304.464003100045
466	1844.4016436840518	7168.40274071056
467	1993.0411837778636	7179.650611646079
468	1762.2911864881712	7036.194036513559
469	1934.2084728072687	7222.261104494877
470	1930.6532261743846	7245.19656766415
471	1735.7167797343607	6776.825927799853
472	1796.3477101117644	7924.059818464454
473	1702.7568157547064	7967.811280009577
474	1710.6996268654261	8084.158669580414
475	1871.7953121551668	7782.55488332975
476	1942.4954345490098	7868.400967884579
477	1924.4363496883905	8179.704542374179
478	2160.9022571998244	7632.337890621454
479	1790.3052563871338	7847.412829184562
480	1975.261237288561	7588.559118551022
481	1899.2538063950678	8745.82032268912
482	1635.4002884783688	8336.52646873803
483	1819.7271956561344	8560.45802294676
484	1771.4351231569694	8648.747274958814
485	2086.818518925227	8609.129700211379
486	1942.2408141535057	8724.315653963858
487	1937.6984846845398	8797.733331046988
488	1825.5740492416726	8691.04676325041
489	1889.2030944627018	8548.823078123278
490	1942.6486248458036	8587.399384071357
491	1861.704374424387	9531.134314756788
492	1717.2104259615037	9476.906555072837
493	2065.577880797804	9473.927007837454
494	1754.217207907984	9334.14195193103
495	1918.1325700058196	9314.823211883242
496	1693.7988348802494	9409.468127173632
497	1884.838142858018	9547.71509248017
498	1736.3962943082536	9555.18409264454
499	2029.1126516934305	9033.13117926898
500	2089.011617162565	9073.56846695133
501	1800.2628718719438	10195.113528563501
502	2052.9230652098354	10330.23313413939
503	1927.5710809578986	10071.346440876829
504	1904.1402671996293	10033.629615906199
505	1857.8153778170142	10105.214954698571
506	1777.2185770843303	10119.666375776103
507	1912.1238249778035	9751.842095596225
508	1634.7601746332825	10222.49392481668
509	2008.184760248253	10295.459929626504
510	1819.7055025291995	11053.92206103108
511	1674.668166418043	11026.66602207793
512	2175.654471542441	10650.875283064237
513	1775.6991471581157	10895.055037327835
514	1972.254382801713	11033.200069020564
515	1786.5465192066704	10987.793899671211
516	1835.5471261442915	10543.995926974278
517	1920.5537956822775	10708.481187119118
518	1914.3708885172439	10975.010513713727
519	2248.409618622434	11659.500097394764
520	1660.232966537456	11687.302371044085
521	1912.0974406643131	11689.941868449094
522	1773.9259125011224	11495.53348095535
523	1691.1481609592686	11572.39019777786
524	1696.0834374339906	11723.528986533964
525	1934.445617710163	11560.087675474906
526	2085.620075350118	11501.973335803443
527	1873.036770221146	11734.741986566543
528	1940.1836585608162	12313.392871621547
529	1974.112078284624	12342.373351886363
530	1775.9357841362848	12370.504381978264
531	1970.584919698607	12458.265089436949
532	1869.1963580698653	12320.981868090237
533	1979.1893756379675	12514.052837341456
534	1563.6486996789718	12165.989551006642
535	1737.1801589882155	12304.44561726215
536	2064.1128332805165	12418.33230745027
537	1875.8561336641235	12541.662123926135
538	1954.0697600096055	13028.811069461997
539	1707.7054201300564	12802.781655900708
540	2190.348671316501	13131.048683509503
541	2050.445922427327	13456.426806857298
542	1697.9159594772382	12843.30352457731
543	1762.543128407394	13139.213537645834
544	2041.451071298415	13318.30629957235
545	1698.0253389258733	13117.028811828603
546	1820.7458632515566	13288.606562225385
547	1826.7488647560451	13124.473048420987
548	1776.9706288477255	13513.039722633146
549	1791.5831478287262	13923.17914666017
550	2027.6423431569774	13960.385601722752
551	1996.7733340626237	13798.52848663399
552	1849.5111687977223	14015.346945014739
553	1973.622204711756	13800.62674597238
554	1842.45589726636	14031.651122840329
555	1919.955959288919	13898.005054358651
556	1788.8850272679952	13884.788028430456
557	1782.6002887711854	13924.449145733406
558	2559.9962154141285	552.7082949100161
559	2581.787326747864	663.5603910580899
560	2716.679227572134	423.78179566970863
561	2703.86379692892	226.77504478198694
562	2565.130024743143	494.6707925863854
563	2679.633065459496	327.74986149374126
564	2563.29924893697	255.9189590638072
565	2683.1227829579375	114.76465942166448
566	2611.3979509686856	0.24676884361662133
567	2585.0903602707053	689.8234321709836
568	2428.8638649350546	1108.788117907688
569	2578.6196862704937	1119.4902632762828
570	2760.814626375017	1094.641427425241
571	2647.5515341060923	1361.7497786907752
572	2539.214704351406	1265.2820427236413
573	2690.8489031857807	1030.4541461877716
574	2589.6007732567778	1178.5747042782245
575	2588.195828778691	1160.7633863046663
576	2869.343388435452	840.5332910024766
577	2556.9466903052544	1089.7228422032326
578	2311.2693675629325	1758.2005847950718
579	2639.180605217325	2080.031826173956
580	2689.687851529903	1757.4924120083774
581	2864.5732396696935	1805.9023773757451
582	2704.0026262353076	1707.6237317555963
583	2832.1667687298477	2036.5548592780062
584	2687.5391221343775	1941.5447034426008
585	2291.791589549405	2047.038237624628
586	2604.788829371191	1740.6112675460633
587	2382.8952198431825	2520.081439662938
588	2393.183416101356	2330.2355662065675
589	2730.440718076213	2484.408572301797
590	2766.7872784644414	2891.849077738779
591	2682.569488252048	2720.4229575352133
592	2631.6625319216773	2919.154184757377
593	2537.197624294225	2848.7039688150044
594	2757.965596905477	2471.1154586697553
595	2742.298126141383	2439.0287743125614
596	2846.6944023718393	3355.951884904317
597	2414.854666409802	3064.4135566862833
598	2837.3072208158655	3667.2455627007785
599	2436.3256121358304	3338.9405850270578
600	2842.365856096932	3422.37868277741
601	2401.0982525042746	3320.604727386302
602	2328.5775847841055	3201.403570021546
603	2823.458133073643	3561.2176521716146
604	2694.3182718077032	3442.843778324674
605	2632.9445251907227	4186.640325586158
606	2607.832548612003	4394.0735841653395
607	2769.1289903022753	4156.627729645654
608	2705.160870519268	4230.805062248997
609	2433.6214465412545	3887.7099398181717
610	2616.1362389138994	4175.4241193003845
611	2464.811127866694	3785.9358095512603
612	2619.830191687357	4019.568153933783
613	2692.545719823126	4111.121978429086
614	2707.988340543396	4302.093297321148
615	2749.8642135636483	5135.744894061101
616	2654.855811878649	4868.11489433081
617	2777.9800084713183	4686.353863350933
618	2877.6797540581006	4687.997074812828
619	2445.5176217724184	5204.2583725674585
620	2482.3384659200638	4787.905324573023
621	2626.332937394316	4738.64373141176
622	2536.9243620809693	4804.11404186331
623	2702.178812665683	4680.3519217877
624	2396.3280121948337	5156.515881241059
625	2449.030262861402	5935.054766012774
626	2681.1654103248757	5628.958211792066
627	2735.7999510512086	5374.31454259383
628	2478.6080560840746	5527.014675007105
629	2919.293965455425	5567.679909763142
630	2898.780022714345	5368.739392097551
631	2694.8228366707053	5564.575619547521
632	2442.3381481286606	5707.7211141631815
633	2449.5017088053633	5734.750681616956
634	2500.659637903921	5841.191087405855
635	2643.496147113871	6401.904234003375
636	2388.1762630944927	6333.058605887189
637	2784.390635590759	6117.330990611899
638	2494.427847880593	6173.011016001248
639	2670.034183788631	6430.796964579732
640	2800.7912907499704	6249.424545463335
641	2667.9353772310697	6225.898819905933
642	2688.996364070526	6744.498938274189
643	2553.7181387508267	6618.668657066417
644	2558.033751729261	6455.4072282066745
645	2888.9112866614255	6858.587100964103
646	2955.7526202363	7289.472194776287
647	2372.216993415071	7019.832333361929
648	2676.487356919884	7022.992419498891
649	2441.77012183771	7256.430922051224
650	2764.4626851653775	7158.685048412498
651	2509.8810016455154	7201.816549663254
652	2472.500122260276	7143.568078217779
653	2546.697842400495	7136.138201277156
654	2621.3199694579457	7162.477151776851
655	2801.2992329885847	7707.961562126008
656	2538.993759958803	7801.345143596167
657	2565.34786921418	8245.225098139917
658	2840.529190554666	7777.210145417359
659	2558.388367346989	8085.545332677156
660	2528.756594463342	8101.877836229418
661	2662.041833209662	7983.466223155015
662	2555.8035744798326	7665.2884218053905
663	2491.239567390015	7623.36589147598
664	2707.6000103939186	7758.714345377618
665	2838.350372191564	8376.654775876625
666	2620.0904816353745	8999.967860795332
667	2507.275719834048	8707.898475740989
668	2652.338039925136	8633.606986285295
669	2619.25921496947	8710.008076859503
670	2396.2115078350375	8609.456943282226
671	2777.2948833960027	8352.817680324251
672	2592.43794194084	8600.563088500465
673	2621.7418382725164	8634.02611233533
674	2573.5830509512243	9315.2264484172
675	2588.8968762220857	9418.553659573914
676	2640.7400055131047	9217.852183228253
677	2761.6107566239957	9612.906936063424
678	2736.8892853685925	9017.081311161732
679	2599.553645182125	9510.122821852578
680	2520.0125716518182	9384.637255304433
681	2618.376480164347	9458.911797062445
682	2669.275224210606	9333.522781082454
683	2541.0621041121003	9481.184806253557
684	2298.874809511263	9939.88554856877
685	2624.4734064328154	9965.737269710864
686	2476.53769176487	10167.171318134731
687	2567.9929438839317	10318.843775581456
688	2815.6004515755794	10358.800338445304
689	2870.657550326272	10371.049193033452
690	2807.8924907751643	10200.546061857522
691	2816.322040879303	10080.438595554913
692	2519.9387289709766	9908.82913752888
693	2613.738733518613	9999.597476260416
694	2462.9711523612264	10064.1012853237
695	2689.899871374764	10896.05889305414
696	2613.4438549916154	10743.43485329686
697	2875.9985027971334	10754.979083700855
698	2865.0578322099072	10586.907589140776
699	2836.8712823912347	10942.781163134005
700	2464.9742675771736	10773.006220563146
701	2393.230307022407	10878.595487188224
702	2472.5448072078193	11199.830242458636
703	2412.9792744279684	11099.40646746337
704	2792.365450343913	11499.85271410915
705	2582.1018308419034	11606.999061388255
706	2656.905493653474	11998.64025408771
707	2763.4353704321766	11381.21359535826
708	2559.723322625769	11607.785375802034
709	2724.67636034821	11405.771767129389
710	2485.9670306133517	11512.232448239678
711	2413.8274010356627	11699.236887382121
712	2743.1453132990378	11900.011264538653
713	2527.8524268065016	11638.256631964776
714	2654.031251418956	12185.886522119477
715	2966.6475661197837	12326.598728485686
716	2446.224483076808	12285.519375980875
717	2683.883190152504	12313.173389408315
718	2586.882062644472	12290.480774625074
719	2449.3799840279758	12308.01919029867
720	2851.404301239271	12673.941620354806
721	2532.592664915377	12516.648573960063
722	2463.133083896607	12199.029087180856
723	2615.8214125082327	12650.702737586129
724	2334.81161838491	13029.956164079797
725	2733.554263365212	13097.291952277039
726	2756.122882999428	13253.763539917589
727	2598.64925775655	13331.916779503583
728	2873.549164522055	13222.113954512291
729	2611.9604163601816	13224.567807958898
730	2475.313231738384	13112.521785153307
731	2859.54625836909	13065.881489481386
732	2356.8934527066317	12862.809459937189
733	2649.599453797568	13049.177067178967
734	2573.272436680708	13741.917773974139
735	2669.0815253216133	13883.49071173765
736	2604.488109023646	13866.28575204482
737	2574.845130014362	14096.412012700182
738	2704.4930824032717	14028.880866330419
739	2742.28047523946	13816.179437057252
740	2506.926154414745	14062.979300822812
741	2475.719643392197	13530.993640856674
742	2753.5519530928923	13837.030602265388
743	2645.3414904170936	13885.829902210618
744	3217.3052726404862	107.7324115288306
745	3613.8300864610774	419.86060872515935
746	3196.6061720645944	475.60198359374965
747	3516.4416650171825	384.52455858524945
748	3341.752177705797	748.5232018398497
749	3017.0987608589367	448.4916571757671
750	3613.515573495239	201.13930619639763
751	3521.8436844194403	274.0994018980309
752	3458.602384980857	153.27803640595627
753	3253.0042223563637	536.7488340510351
754	3460.0762795444994	940.698556598559
755	3434.874027544365	831.4926532551592
756	3296.0384182927764	1324.8368563828915
757	3386.4426782899536	750.1746205050242
758	3480.19181725842	1138.138943676986
759	3320.9168230896043	1172.0087347541744
760	3411.4945726599817	1324.101260592525
761	3397.127322804742	1167.6599294526368
762	3284.095396073713	1396.518121640364
763	3278.742664441927	1204.3703231416805
764	3330.109068232409	1858.4178832218731
765	3676.202676493838	1842.759289006448
766	3252.94763442085	1948.8624669661767
767	3176.6956116218025	1896.8065262500102
768	3729.3143702245297	1752.173589760203
769	3631.581432129956	1815.7487366348466
770	3244.9406363106928	2155.8109638132987
771	3130.378367984587	1846.2819500549115
772	3293.8632902337527	1964.3433601791571
773	3283.966912347602	1668.795234113114
774	3294.128237550661	2593.7717990991337
775	3583.7363280263316	2824.9388568124778
776	3606.823208750522	2530.9556613441578
777	3226.292314937837	2594.6527851070923
778	3342.674237364222	2655.537177500867
779	3383.7433272821113	2652.4674918793858
780	3213.3390675395685	2756.956103198327
781	3279.8282745621013	2262.2778712606946
782	3652.519769444591	2841.957487559973
783	3166.9152345420543	2536.484766237857
784	3429.985174274085	3361.5595421682406
785	3504.6476215666244	3577.257191968727
786	3338.156645219823	3527.433450678492
787	3331.063816261904	3478.545664630272
788	3368.235596205441	3275.923778918811
789	3640.1706274943895	3640.1594582779044
790	3290.091616287002	3147.990569334105
791	3311.3052213077	3078.8320358319947
792	3290.046060943364	3243.353088682698
793	3366.530721981418	3488.358009556876
794	3254.766898458236	3305.5872099518533
795	3450.2709509369406	4056.0275640561063
796	3514.3779257918886	4194.721755737373
797	3542.4006545171887	4227.549612110303
798	3390.9313953287997	4190.218295296321
799	3465.040523501837	4159.774148546795
800	3469.4510596694345	4256.356136881265
801	3344.9513874405257	4117.446468623872
802	3431.9621756091597	4224.856154908717
803	3082.7325550373243	3898.2017458719743
804	3057.881372166891	3924.8481179672644
805	3257.199196578702	5101.717905282907
806	3648.4904518347676	4918.228241703527
807	3476.5364181829086	4957.402341452915
808	3349.812496137975	4896.971459152789
809	3240.729325662688	4587.212785217304
810	3608.4375454137776	4785.363011859401
811	3001.9394599100324	4913.0898074001625
812	3382.0181759266643	4766.489346224007
813	3304.6780193747245	4835.940920535571
814	3474.590119877862	5067.475461796505
815	3371.04084670816	4694.551265976911
816	3384.527944391738	4975.557453398
817	3312.996098390356	5737.209293701522
818	3350.2336858346766	5568.61514817528
819	3388.3547004402167	5653.668797020061
820	3501.2453656548046	5605.800636069067
821	3652.4110789286833	5877.325371866612
822	3404.0570519314288	5503.653804253617
823	3206.783236435447	5568.329733246271
824	3364.687913310935	5562.209168657515
825	3320.000090140331	5464.1442233664675
826	3249.2307789331126	5709.04382364357
827	3437.7354329421564	6424.455558604109
828	3195.340678826507	6321.097576377976
829	3312.8909080737153	6113.014907714026
830	3398.6262157074357	6333.753257378199
831	3579.472421867051	6689.3501689133045
832	3266.8173566631544	6282.009835923725
833	3392.499475969901	6270.65838122837
834	3269.2793766787795	6211.370752525383
835	3508.593189014369	6420.765457232553
836	3388.744944256938	6683.524104102341
837	3392.959124070551	7214.484507809419
838	3463.5783440022497	7309.95446602933
839	3493.7745614442442	6901.511944021368
840	3375.747280128614	7124.4348953981025
841	3256.9064478306623	7095.022282276504
842	3426.222378804794	7091.718167244007
843	3733.4876079407913	7235.052873442221
844	3075.262474363683	6907.660991936829
845	3157.0617814144016	7245.159871842228
846	3241.593873747504	7727.4883952199325
847	3456.915049528177	8070.337626047861
848	3271.1226527698714	7798.609780208385
849	3357.8592030389377	7993.740998294887
850	3484.314917913418	7954.6163516970255
851	3162.5513642180977	7565.984503374979
852	3533.956383058684	7875.386182637384
853	3412.644747071839	7906.2916572050935
854	3454.041808653477	7982.544505314442
855	3383.5085361610954	8463.218130581732
856	3389.083516263053	8640.045945955551
857	3577.040261394587	8477.258821208885
858	3388.4181894196095	8514.22269819491
859	3606.6243636228764	8698.074682599796
860	3591.1899279702347	8635.68690801575
861	3139.163429188979	8916.558076321166
862	3156.639729981844	8570.691358102804
863	3271.387580029647	8777.313580166921
864	3246.9444659680807	8556.929798852498
865	3532.7555950361184	9494.29335637868
866	3000.511207477601	9355.425928499273
867	3305.819084992154	9474.816557912452
868	3605.4847566464273	9415.276584173502
869	3553.0053997460677	9135.008191204402
870	3177.538883776168	9431.968341005648
871	3415.6396012204946	9327.96756317203
872	3454.7041559869754	9438.866219687667
873	3425.8236810869503	9340.742508463018
874	3278.71763403103	9335.634749503302
875	3384.898637651559	9890.267067652107
876	3385.2985489446105	10287.4831252184
877	3201.9787956354216	9825.314808472283
878	3530.0185309890335	10185.284961130497
879	3576.7373346512777	10281.451129881536
880	3497.8423348689107	10175.503797421272
881	3272.371514697803	10189.038295245493
882	3184.8909193427307	10448.239133539935
883	3354.744909581193	10118.416460338134
884	3361.2184736374684	9849.001221100329
885	3741.0931185348068	10793.754516670402
886	3500.1813272126897	10919.641315722027
887	3083.315540727414	10818.613175723634
888	3482.183394783611	10891.779248447063
889	3479.550649398932	10840.000767835487
890	3335.6070275609395	10930.868589132218
891	3347.1478055202265	11031.22122209112
892	3174.259573074753	10849.118380799271
893	3397.246178879737	10762.871720480385
894	3209.415384306878	10912.131063098364
895	3467.5555172847007	11563.146099830432
896	3357.2314360853607	11438.495560272106
897	3469.430884628282	11700.262174825295
898	3468.7832930808836	11397.203775064016
899	3659.057245243413	11421.850772321503
900	3240.5975502550505	11817.006801217614
901	3369.6753048902006	11885.762245803844
902	3134.6116102022224	11912.816646583258
903	3039.3530602431006	11575.2745987739
904	3543.7040980867678	11538.18132530805
905	3514.7693748981537	12281.295312256101
906	3464.115841369625	12289.281104167367
907	3215.8899649399937	12353.3295875166
908	3378.152034406038	12034.009387856635
909	3421.899074041766	12390.740185029843
910	3181.334693405176	12488.814425158354
911	3329.7989764661606	12504.167819505521
912	3313.391619734767	12329.742112042653
913	3555.6484207383382	12703.620066466952
914	3517.94616840194	13123.597545295443
915	3109.995345582494	13108.692990344143
916	3561.3583478794203	13102.287459114297
917	3089.8616910227365	13368.559324916101
918	3362.972144576434	13121.087206953738
919	3528.64752769808	13114.111986395425
920	3448.048066771258	13082.107488348973
921	3300.7671646903473	13001.151392639289
922	3361.624342994449	13003.008672482505
923	3468.779200382823	13225.395933510052
924	3412.36997231035	13812.937857065452
925	3374.062573872302	13810.593704533649
926	3394.595635390225	13773.040287020158
927	3206.4544934232845	14209.98867475304
928	3427.3374332029157	13805.030452758523
929	3452.6492305183865	13787.670100691836
930	3407.950610598339	13840.960814761518
931	3454.0092148028693	13781.586578590262
932	3386.960110497682	13846.467694131068
933	3233.6107253836435	14081.723835694502
934	3884.219317393434	525.0961574685014
935	3862.3649413069406	535.9984022112607
936	3962.7772310635883	451.3691543738239
937	4390.014171530704	215.53766384135938
938	4199.208709094263	312.09655074433334
939	4367.527449069693	312.59541675408116
940	4277.0034925981545	359.4294970638123
941	4301.674439209954	131.50975178864567
942	4387.208387297501	174.2396479533163
943	3825.772445348681	601.0262607251464
944	3917.229416087099	506.10149707572464
945	4347.845663121684	825.7143086394219
946	4040.96399428781	1064.4105876405306
947	4323.963177028643	807.1342198558193
948	4018.6453859098597	1286.2047720353794
949	3801.480150969749	1161.4674424231107
950	4176.06984922387	1249.710005952293
951	3964.769557533877	1246.1000682872436
952	4155.313511286893	1194.516212801003
953	4206.365359040662	1240.0245721278993
954	4214.583351596939	1174.717810237299
955	4067.5317453635134	1838.9645469693492
956	3757.5380815393787	1949.8113526227114
957	3949.159678613416	1988.2601791435343
958	4248.64926495726	2039.920951421848
959	4415.950043913261	2011.2423845932713
960	4039.4434583380666	1747.409891602987
961	4205.6298019280475	1840.7869955418546
962	4185.449006363658	1692.678374119319
963	4168.188966874319	1749.2871749113024
964	4212.459952109075	1891.6381490737986
965	4015.198273959598	2728.1798377548225
966	4107.211543009846	2479.0318355919417
967	4005.6042288833514	2785.826655384392
968	4375.081243802906	2804.6143917522445
969	3896.0125395363807	2328.0324210449526
970	4140.368678359394	2765.264154816588
971	4003.918202893398	2347.109072515123
972	4437.154653535842	2753.7199327996977
973	4144.450636019281	2633.2216983402377
974	4475.5158728201895	3508.2802419756995
975	3968.06389170233	3104.498102086849
976	4102.964820864593	3397.721466912421
977	4054.6539829186177	3476.4889486644533
978	4018.855845973571	3232.329152525311
979	4030.963230421948	3478.4055169343783
980	4154.272106181222	3327.1442746401735
981	4167.271187045214	3506.9426973522773
982	4177.596626221478	3253.683544608341
983	4099.842435850826	3464.5060543000745
984	4333.6031515613995	4374.357963668152
985	4043.6239732688064	4075.9207698281743
986	4042.970198355323	4038.595591434227
987	4283.442508199353	3863.7502812388543
988	3785.534482422793	3965.6633677522987
989	4172.809264506547	4349.91246690312
990	4355.8125486223435	4127.445813009665
991	4142.836685139602	4202.323569767466
992	4017.567726716931	3976.7996496119245
993	4071.799461206901	4275.230526786072
994	4108.683591685456	5058.997788513398
995	3948.666356460815	4682.710874294573
996	4107.325690087641	4928.622997137007
997	3976.4779673625353	4859.741459583308
998	4203.413973556291	4860.902475598181
999	4312.397247833483	4873.206809657897
1000	4343.054565820607	4815.302150790266
1001	4125.658376532273	4814.2994551410575
1002	3808.299114313065	5075.812223246273
1003	4205.370650896042	5024.3905803777725
1004	4235.652465451783	4631.013185660299
1005	4081.2192330693183	5450.011817790186
1006	4135.252943927523	5636.43346632315
1007	4115.50537584636	5674.053364866774
1008	4065.052162546672	5537.676434889072
1009	4052.7452302800693	5257.026837591761
1010	3990.0755567041547	5818.084773545381
1011	4114.06056557581	5748.591318634742
1012	4144.261760908601	5691.961335810292
1013	4171.534953643769	5612.9875129384345
1014	4380.292217497744	5823.173137610164
1015	3868.357034554428	6315.853387611153
1016	4007.4244386784994	6518.429102855075
1017	4135.84813645341	6669.400538654323
1018	4165.979407346959	6369.10213263532
1019	3996.739728594417	6022.616256363937
1020	4067.1021377201346	6332.72966166842
1021	4088.942021794244	6351.099334913362
1022	4338.333211862242	6337.952242642663
1023	4186.060447002057	6457.1134125078825
1024	4249.523438204362	6626.50199956093
1025	4270.68999778923	6124.201930586909
1026	4067.695540167303	6869.6906669608325
1027	4001.8303130068393	6896.678958058192
1028	4186.996392602733	7154.973479971037
1029	4333.136648909902	7436.936107849919
1030	4186.859912645915	7485.319493268851
1031	4035.9180433125052	7279.200018120724
1032	4167.221687586655	7105.592550140452
1033	4214.639787492819	7060.122391436148
1034	4008.8503456948156	6946.233589652
1035	4046.8513285805234	7015.252744541845
1036	4131.585257535319	7827.897699305157
1037	4130.468490459329	8078.8809101533125
1038	4007.8115985438326	7905.521162670966
1039	4171.049115977926	7986.629428408933
1040	4410.232908267717	7853.289885011064
1041	4227.696514538686	7981.294216356119
1042	4053.2240757725976	7506.933135556456
1043	3856.0637394572436	7824.502564362458
1044	4054.3693733943246	7683.598350552043
1045	4207.498926053033	8101.452647623506
1046	4267.232219071222	8523.09969791299
1047	3945.212772311654	8314.873866704474
1048	4081.891793619279	8495.844359827493
1049	3978.5484647754975	8698.346776361583
1050	4215.3913693561435	8502.05057155809
1051	4150.382952066376	8602.476485712023
1052	4039.288048265197	8645.61873547491
1053	4267.500439657983	8758.956376028467
1054	4112.64844197965	8714.749496859667
1055	4191.903498896999	8993.98363356027
1056	4141.148387409162	9553.426966686699
1057	4025.5877085694424	9397.710883792259
1058	4192.218218664587	9198.279425167208
1059	4017.6565837666767	9281.573535674588
1060	4117.899004353066	9420.420119958007
1061	4263.613719736893	9026.558847578674
1062	4116.8763775001635	9747.030221142582
1063	4058.993396934044	9869.246691045199
1064	4386.2510248685985	10328.772842612243
1065	4386.681844807401	10148.649293672232
1066	4157.961806770454	9751.451449883114
1067	3877.4345373558103	10138.754039919944
1068	4170.888672407895	10235.484453547942
1069	4248.68795093556	10332.459754299049
1070	3979.847239229279	10247.465782793379
1071	3910.224469645414	10104.560541619188
1072	4073.029057045561	10093.15515060773
1073	4095.8449666652878	10772.115237157579
1074	4074.813120957933	10800.554278488788
1075	4189.043370959874	11244.490793709527
1076	4195.185334228899	10683.705993996067
1077	4273.838095914393	10728.904079645412
1078	4304.173475954032	10696.865618345335
1079	4057.8789370775535	10862.378543960773
1080	3926.457833147117	10964.641930425278
1081	4007.764865094889	11121.343524271288
1082	3791.3787753324323	11735.645537216044
1083	4244.085938567101	11381.336596903087
1084	3946.369807982391	11910.368009184267
1085	4250.02585282554	11573.217251636077
1086	4051.790925962733	11540.756079303392
1087	3942.6052725486834	11431.817628028517
1088	4396.138797220019	11731.883356088423
1089	4119.4395570772795	11999.95877303312
1090	4337.740234722758	11359.276748864411
1091	4313.987640607262	11632.362129163035
1092	3981.4371971537967	11578.377890579597
1093	4166.234829149153	12615.942344294219
1094	4092.2406126847663	12449.015835957476
1095	4083.05382947394	12353.754944516566
1096	4081.914302025498	12169.965231567305
1097	4169.127937704025	12401.161688537657
1098	4156.213293288348	12450.97960658009
1099	4043.1778755469013	12369.810420845472
1100	4065.2747991123438	12320.761195890791
1101	4236.562739909856	12617.3085761494
1102	4156.199781105164	12001.300155661003
1103	4062.5259060662106	13234.264716290969
1104	4240.080950605249	12931.667274513466
1105	4254.346122079003	12879.662937408742
1106	4235.015047112024	12956.461728615539
1107	4049.059507757363	13492.230229744157
1108	4022.5050773756757	13413.579737109623
1109	4219.785806112682	12971.554337362988
1110	4036.024026550636	13146.34233993364
1111	3995.8665656082085	13171.046979828176
1112	4134.790990732955	13053.1897191927
1113	5048.962770116017	297.64794176886375
1114	5143.214910171663	333.362549660854
1115	4719.182629808288	469.80265282914496
1116	5121.723634967831	218.71306760255328
1117	4818.897832651307	562.1640713157525
1118	4884.930017833096	370.8027986589283
1119	4665.097867998724	364.00588573088277
1120	4961.564770882241	291.63901291732094
1121	4511.425565570826	466.86201951571593
1122	4829.95186333093	1108.1655498961513
1123	4873.997541797461	1078.6782811585392
1124	4864.975249588573	1082.4329080921386
1125	5126.766692797811	1402.9182117056255
1126	4842.7507624640175	1098.1483544048845
1127	4823.953178143554	1109.5604149175924
1128	4858.035993679852	1089.0822256978897
1129	4852.20759167808	1103.304020514588
1130	4855.768844087637	1104.1876655299416
1131	4856.047051496747	1098.1199532934352
1132	4840.545230935338	1100.402414789214
1133	5093.22287349816	1572.150579215243
1134	4918.823140823431	2042.068140906416
1135	4822.618706629278	1963.7785966644249
1136	4800.3480234430945	2036.1306579373672
1137	5061.494833036225	1861.5424337398106
1138	4683.993435694562	1891.1274075400395
1139	4757.798110985812	2112.4205529806727
1140	4722.908739874725	1869.1517545634981
1141	5013.792136014706	1526.6298764525359
1142	5028.448738381893	2909.2825922464694
1143	5001.570883845645	2689.5453454127596
1144	4781.525057412709	2414.209483566734
1145	4875.0346762428435	2285.566077311813
1146	4944.197936137783	2756.09282176056
1147	4731.099436515189	2278.7087528845786
1148	4801.6584476529215	2834.7549045964747
1149	4680.590956280839	2590.679870483105
1150	5073.498502650314	2830.9319462282915
1151	4947.7608876214335	2759.852921321494
1152	4759.614477258439	2525.375284187741
1153	4978.332160922951	3440.2052870757475
1154	5140.566438474699	3270.166270367313
1155	4596.495924572864	3440.157082622786
1156	4778.351605591239	3537.5519887189917
1157	4662.25994508066	3247.6854663955005
1158	5035.737091065008	3281.59072571907
1159	4725.981849672107	3070.3631950669583
1160	4943.162630264903	3743.7531095941704
1161	4828.013147698562	3533.7263080430866
1162	5061.09920665699	3184.800566396376
1163	4832.518593319946	4131.0849390237145
1164	4903.814417303488	4012.0533863340097
1165	4882.18805174942	4208.528120746508
1166	4848.475588861272	4254.009168737938
1167	4793.574629271637	3758.946849485285
1168	4768.715828732543	3988.9219898808856
1169	4775.459238313006	4153.21680238927
1170	4988.007886127989	4213.777961963322
1171	4992.529856346402	4183.9386897895
1172	4851.908618215935	4242.872169335631
1173	4987.807291758351	4227.649922313952
1174	4812.001747360854	4935.678200648443
1175	5208.400499127506	4703.334315655313
1176	4814.636446052577	4869.2466129542045
1177	4856.134553062	4976.285253842416
1178	4557.267731332401	4677.240541872682
1179	4791.576422040892	4995.789075666185
1180	5052.496531104656	5075.759552987966
1181	4813.578720300426	4896.866076003575
1182	4968.907349618696	4744.800370369216
1183	4713.598192167935	5522.753137124488
1184	5047.623090833678	5508.8755828810345
1185	5105.755699161042	5575.759762353048
1186	5055.758664009374	5673.201841070713
1187	4878.421648718271	5751.789981952869
1188	5116.691863102736	5521.899539938936
1189	4714.764188323456	5668.929455157463
1190	4916.628922742692	5684.1182050776915
1191	4524.064417091527	5492.828835789762
1192	4676.693313849303	5849.8436586539965
1193	4733.07908505878	6369.03398099177
1194	5030.17056247901	6716.389947918722
1195	4849.521669640389	6287.740639685302
1196	4945.628416623889	6362.582808902857
1197	4721.934203044711	6061.106606267155
1198	4831.054028610665	6543.822880579084
1199	4997.759316660211	6165.071923901603
1200	4837.022970227816	6471.952679898614
1201	4781.586112401744	6375.18509856492
1202	5037.655851024037	6436.58196781422
1203	4859.587784228736	6335.531465475759
1204	4846.635142545158	7231.486109716382
1205	4766.490653608793	7119.222443462711
1206	5011.973358968963	7101.280087886708
1207	4785.846559895472	7287.910096330393
1208	4993.107326206235	6818.499120663856
1209	5036.313580809568	7160.690532369619
1210	5089.456005022177	6932.734085194627
1211	4957.252125507478	7396.437739202613
1212	4745.254931450089	7190.496090152124
1213	4517.670315986047	7011.243695020942
1214	5205.6705302721	7698.132817036149
1215	4828.102651162376	7826.930499173555
1216	4871.818695494955	7970.354835045805
1217	4881.287821937264	7975.401133032372
1218	4909.061486928874	7839.396962703014
1219	4757.608151417905	8106.274119852188
1220	4926.669378772371	7846.524419545988
1221	4733.325037672804	7865.740745695529
1222	4785.2910767125395	7721.230460546587
1223	4851.165169628823	7900.014007368791
1224	4670.918832286324	8540.413149827042
1225	4623.459581477743	8516.956983756974
1226	4838.122603147958	8856.240790991433
1227	4990.482899120189	8631.73834467862
1228	4954.884627471685	8743.417092219457
1229	4721.782268451771	8746.713938398405
1230	4986.153552277447	8478.958914773562
1231	5138.286391420277	8586.390097702451
1232	5115.4384806917515	8337.225197415337
1233	4710.470763654853	8811.945490236758
1234	4819.870165140594	9506.171028248058
1235	4832.644383189516	9350.1491486952
1236	5125.2577352407725	9273.74257301646
1237	4987.573757556053	9460.277717791652
1238	4953.242793654857	9508.416733353268
1239	4782.696664597216	9483.252697228389
1240	4796.899232019362	9135.540666947116
1241	4969.245971476677	9691.269731019018
1242	4780.930447879334	9011.99046932096
1243	4701.63884924561	9329.189234379897
1244	4963.16117407208	10355.616957038868
1245	4540.826281196983	10295.155592506862
1246	5236.874859680669	10197.653754023886
1247	5090.278616862417	9930.837728380073
1248	4569.455364362883	9936.948567839314
1249	4877.337828777872	10349.785698469921
1250	4815.462583743534	10216.377685648014
1251	4876.255451331171	9970.162777606003
1252	4905.347839972413	9872.461238487103
1253	4999.779655802915	11000.65639511268
1254	4998.977245066624	10696.320303433215
1255	4798.484364568295	10904.558559143954
1256	4868.7023426844335	10969.00481091133
1257	5023.376162402408	11039.470550939026
1258	4794.8664775643165	11204.035138785388
1259	4934.179058765785	10504.69898865437
1260	4759.081774202002	10980.61020408674
1261	4773.339346021574	10804.186830200877
1262	4799.213572921626	10646.458218732461
1263	4685.397515916337	11767.82980721103
1264	4970.023815839586	11346.058717561556
1265	4615.875830397744	11396.008210808563
1266	5230.41906953986	11739.347512063883
1267	4797.471020986298	11258.101843268336
1268	4766.178396441002	11359.330909324828
1269	5149.3950561919455	11646.413565859435
1270	4946.808206701948	11981.700880085962
1271	4824.701897190248	11982.365919867203
1272	4763.729190795032	11772.842633949203
1273	5135.176102466217	12645.061836817957
1274	4676.221610748897	12357.921034823063
1275	4717.962881624374	12117.947574935271
1276	4939.440662174647	12505.69328122859
1277	4834.312631934688	12066.42509670805
1278	4893.148967011657	12282.22482129458
1279	4970.184899365906	12496.844417385686
1280	4933.544219443067	12501.485136202205
1281	4775.0080252305315	12401.396800604623
1282	4959.584035896171	13010.249023614431
1283	4831.955349736209	12999.490591168047
1284	4816.55571403242	13495.41769050322
1285	4901.430727833001	12846.054348982474
1286	5011.7222740830475	13343.908384319013
1287	4743.6808967376055	13368.232868943207
1288	4762.21048241802	12966.12676873854
1289	4978.474701905909	13002.196051586785
1290	4767.56503949677	13072.231544535893
1291	4976.82077786086	13146.092727608373
1292	4960.610278652851	13800.262545301905
1293	4944.899450537589	13787.08752674321
1294	4942.005015958477	13770.840032814069
1295	4759.309729651317	14015.956420562832
1296	4939.584932916277	13757.260607315058
1297	4847.806176703682	13855.602710128178
1298	4688.009479601914	14200.053142241777
1299	4865.537767800582	13892.042573234437
1300	4863.2117920338005	13895.24985091832
1301	4939.025376143513	13775.644590740203
1302	5490.584948050132	215.47683381197044
1303	5808.628500230272	482.7909012445283
1304	5633.8918372512935	749.8945654851461
1305	5520.694919987599	306.0330924520653
1306	5547.087768867461	215.76374725552492
1307	5614.298836983673	185.07038464949682
1308	5693.177718471101	46.37642603526149
1309	5545.76796702711	681.0289631777698
1310	5770.867503131352	492.5650858882842
1311	5587.397883665962	1481.5069559285253
1312	5799.535103409941	1275.9381828492203
1313	5401.606661833654	1330.8576180911973
1314	5448.44121409852	1075.2297825661865
1315	5839.790099586598	1009.2231426369448
1316	5884.449982194618	987.6153138626663
1317	5418.209695305715	812.1697426967065
1318	5601.248557457392	1192.2620047886214
1319	5593.963552974753	1286.6365577127835
1320	5837.159943564845	1048.4060794425386
1321	5463.197305907998	875.1546194246096
1322	5678.050031679219	1960.1752285061912
1323	5876.668281276113	2153.007331197448
1324	5483.931127539076	1724.6167770136951
1325	5494.128238453495	1765.5949569908657
1326	5695.976059676672	1926.8010964103357
1327	5711.519842773794	1903.6565087877873
1328	5567.921882474673	1935.413827973071
1329	5697.133937728977	1837.5536724179499
1330	5519.1304581613595	1758.8828319789734
1331	5525.540140236621	1784.297768723689
1332	5505.074806188734	2657.9150624230792
1333	5582.932734163189	2607.590783439096
1334	5712.870140625915	2900.522923677955
1335	5581.778436903235	2305.8839296579467
1336	5626.2477709424065	2625.2583366058975
1337	5493.982510272455	2450.642307501806
1338	5637.25147229702	2454.9025503366493
1339	5916.613236851292	2860.768361094343
1340	5582.967401600362	2664.5737783186482
1341	5610.281490155402	2721.9419669445697
1342	5725.090101680453	3514.3502079185655
1343	5647.452599388448	3554.872888554285
1344	5581.2474199684275	3552.3481228798087
1345	5570.774814549335	3244.238592823534
1346	5517.902236870102	3539.436953952667
1347	5735.786832732257	3179.2153408854197
1348	5525.152796868504	3499.5310977078284
1349	5555.476803414001	3268.4671484007577
1350	5745.734562737991	3019.96737423095
1351	5645.381831790489	3377.572272646198
1352	5733.484563888	3766.034682179419
1353	5576.738714275968	4157.037224178738
1354	5707.9766039871165	4067.0423056402437
1355	5604.992042886967	4031.4673223988184
1356	5565.847878901356	4300.569853880015
1357	5637.108626953581	3896.2694951351477
1358	5685.796119588148	4107.286228478182
1359	5469.759974047309	4282.103573370595
1360	5564.699779000574	4169.5736694111365
1361	5703.595696470974	4472.615645327733
1362	5618.322815794888	4589.034796399874
1363	5501.597268691919	4620.3657295030835
1364	5607.807467544301	4931.815993441156
1365	5761.719067001851	4912.192158524653
1366	5718.399977426605	4709.20212987962
1367	5536.618073138848	5070.752995875287
1368	5505.277719087526	5230.375260046496
1369	5726.596202283715	5015.734658903428
1370	5648.66140903034	4795.526277426392
1371	5844.028737511003	5906.37370256526
1372	5986.8072198095815	5526.4072229133335
1373	5878.703441310772	5542.785088415571
1374	5503.1668782916795	5814.805648513288
1375	5674.660889231381	5654.539355008254
1376	5316.715732351138	5516.550905059878
1377	5376.613335642758	5776.357129319179
1378	5519.515145241805	5325.551448278053
1379	5524.788620609845	5561.629499927183
1380	5629.313311834147	6527.059442762998
1381	5561.964609419785	6438.377322566947
1382	5666.202346748317	6276.8952018583295
1383	5551.365502378707	6426.125566049659
1384	5767.369234092766	6419.822772311838
1385	5474.863221838492	6330.378333384376
1386	5622.850862663898	6530.143237782142
1387	5723.012352285222	6013.035113858377
1388	5737.016003547527	6292.118563090894
1389	5596.156762029434	6480.920461128625
1390	5544.885793161709	6390.12398520583
1391	5373.294538814994	7170.8187503215795
1392	5907.082019034042	7101.523618689134
1393	5579.781385982666	7468.05945875313
1394	5927.918609892425	7056.461550972825
1395	5527.142376136034	7114.876841135095
1396	5367.409510665041	6852.470845955563
1397	5884.21968363414	7221.4648928789275
1398	5770.042044662973	6995.608286106406
1399	5470.057350179554	7205.810262776561
1400	5443.0524809981225	7062.905492410761
1401	5756.3633616286625	8226.238760989754
1402	5782.719494055284	8060.595285967635
1403	5570.640994062648	7706.108555754193
1404	5416.3668890164445	7709.412677312049
1405	5692.320146817619	7655.926101324498
1406	5652.061878605528	7719.4787220580765
1407	5564.065260193032	7815.109102531344
1408	5461.336042526589	7885.796025090205
1409	5650.397996282565	8132.937224691433
1410	5703.72793681165	7838.397544280814
1411	5801.1989858415145	8777.697125586361
1412	5636.296423394522	8603.086739249065
1413	5617.545782651587	8495.27119440703
1414	5769.758220416261	8452.119910820336
1415	5363.419737504204	8650.233180500536
1416	5542.182581247877	8602.884679418388
1417	5597.7771695971405	8545.438302241151
1418	5900.4627959510435	8879.450875508091
1419	5525.1852571369545	8663.01410422069
1420	5496.173046258887	8580.80388804835
1421	5614.979001673532	9366.335712600368
1422	5630.938684336545	9312.11324235472
1423	5519.365701203489	9157.577363481503
1424	5721.920826890981	9535.443075932615
1425	5972.237785156245	9516.601273157361
1426	5517.074254830358	9195.945874768417
1427	5553.450104125793	9463.472813416836
1428	5428.836331904326	9218.943078790033
1429	5636.6431676847005	9521.018685323015
1430	5654.55414219404	9462.548880175113
1431	5871.404017035916	9889.83782245854
1432	5373.953412969154	10380.314141848414
1433	5869.268199036686	10085.73450519039
1434	5705.023341431416	9887.606776905204
1435	5551.95638481999	9785.785848338977
1436	5600.567783868263	10245.81655828761
1437	5396.880580281474	9991.03296995493
1438	5545.616950503806	10307.052410223047
1439	5946.583903679697	10260.59950240117
1440	5388.745426373582	10416.21946439172
1441	5850.144266510968	10740.758102937802
1442	5764.492301033212	10845.856269718377
1443	5447.411537249339	11205.28372333171
1444	5664.001258166074	10721.168324904409
1445	5426.799830721857	11015.091006615608
1446	5734.717020819059	10797.18798089862
1447	5460.854964360636	10845.44243090672
1448	5648.623768037037	10907.919422931736
1449	5627.955053101826	10796.292737755037
1450	5513.186838278948	11592.34987084405
1451	5621.263317615141	11475.139195442653
1452	5597.627045330808	11548.670353747897
1453	5575.616705975823	11655.277942802371
1454	5430.218229140662	11680.981492008532
1455	5623.359024671453	11617.904500298146
1456	5693.792652133776	11609.727452093932
1457	5881.534429744302	11898.523465822891
1458	5688.401757109077	11546.425726939522
1459	5673.628108444788	12191.766805911775
1460	5681.130428371515	12478.155388935202
1461	5463.724815453418	12508.523529315848
1462	5591.630221033468	12278.198932143154
1463	5816.500846580528	12619.46832671677
1464	5630.342760347535	12517.825482225235
1465	5633.981110148609	12142.002423769347
1466	5798.948651251127	12707.215091059865
1467	5437.325460939764	12129.314389453297
1468	5522.787597429255	12177.529630469486
1469	5547.705143038328	13113.15305690134
1470	5871.141209505966	12842.087460541354
1471	5558.678881692229	13048.393747234684
1472	5624.519636955792	13203.528375606082
1473	5646.778972993864	13233.372920761076
1474	5690.350332260314	13184.726312158436
1475	5643.110441263576	13281.449465018057
1476	5566.850921753208	13123.005110122167
1477	5582.883143144896	13164.653340551944
1478	5517.981317391827	13055.63021110485
1479	5581.13646185674	13996.458445284232
1480	5707.508381068441	13820.277061276009
1481	5630.2672754556515	13895.443937957269
1482	5575.6365901121035	13915.35889110541
1483	5866.979635479935	13588.519885484178
1484	5615.967020068229	13918.600517867104
1485	5532.971364495646	13938.02378012587
1486	5573.995166933498	13919.398411466032
1487	5540.538104529756	13882.919069433881
1488	6520.120486085354	29.2182125699062
1489	6282.800150757011	474.0641063474503
1490	6363.697187719715	49.67639060673929
1491	6491.185090875786	378.84116255794083
1492	6300.649954279156	392.26018420579885
1493	6397.224588835383	525.9465755849635
1494	6290.936206362428	579.959505242862
1495	6366.456709764227	455.18649962249754
1496	6383.251359578168	418.48212137994403
1497	6353.678265742768	446.365241881876
1498	6243.769131255319	1301.8069170431672
1499	6411.104066760679	966.1585577591576
1500	6380.273621688293	799.1005021772826
1501	6262.156108698437	1124.345703171107
1502	6482.286400487838	851.7775796590581
1503	6521.525393139475	1132.8994110985927
1504	6252.494881077009	1178.2270739123148
1505	6447.464045838986	1129.1198657352852
1506	6443.488265190101	1493.692768482446
1507	6305.438085863882	1272.8716209616287
1508	6516.344623245539	1778.1444693149688
1509	6329.001917867284	1700.3430069578128
1510	6458.6400220100995	1856.7619260332392
1511	6111.941417852259	2115.0661410357775
1512	6343.659816574659	1975.0271087680196
1513	6507.488684444031	1896.229653293621
1514	6549.890391429302	1870.4478314575217
1515	6296.416143049538	1508.3263338787617
1516	6470.3279412413585	1888.5257065313328
1517	6166.289042285907	2161.12782272899
1518	6542.194369135997	2747.511870997951
1519	6378.17011386691	2653.5966474833212
1520	6222.050263321095	2420.3040874035037
1521	6152.577669720301	2574.843318913368
1522	6523.39718136299	2721.169093427809
1523	6438.449711914792	2679.182508895403
1524	6445.724226202032	2704.3283636827296
1525	6074.294467276201	2400.9437959142924
1526	6598.141997199686	2723.1203132816327
1527	6221.93103044194	3306.204570589772
1528	6432.742746768033	3488.9693324515533
1529	6277.992023381755	3236.9442661375933
1530	6518.6104335738655	3570.205992831889
1531	6588.59488977984	3683.224306406776
1532	6276.784259792382	3388.509734606827
1533	6613.497101313333	3348.6408761618463
1534	6121.1346767117075	3145.2808333022576
1535	6269.821262159733	3410.634343084678
1536	6428.891576077393	3171.3857444268447
1537	6326.613476219711	3966.192925568758
1538	6317.480783175364	4096.790650838236
1539	6266.429608842822	3886.4702916716446
1540	6515.833943109379	4113.681730896273
1541	6346.463608950005	4111.207980041091
1542	6346.180158331183	4177.209027163369
1543	6444.054368598826	4493.587159539528
1544	6342.012145822582	4255.17512616505
1545	6422.4927953897295	4084.7268207128795
1546	6422.439111560407	4064.9582874031553
1547	6387.776084618402	4931.86981733741
1548	6396.922636470178	5040.33968070682
1549	6425.0692913956755	4996.598639673612
1550	6311.66255242429	4942.955567461647
1551	6298.867883822446	4624.317011321426
1552	6523.770443467562	4985.072529941669
1553	6298.334604297519	4837.576301338972
1554	6379.3668321098	4981.468853152011
1555	6336.577210229018	4909.43167732647
1556	6391.652461165124	4500.369921739933
1557	6514.156327511023	5630.70713342373
1558	6464.381844684342	5698.121132272552
1559	6334.102916380451	5679.171589067185
1560	6368.222574367578	5743.821430559399
1561	6555.412358578775	5775.845045053365
1562	6228.508175276499	5493.671739922349
1563	6347.53069500852	5762.607220366864
1564	6495.704594635281	5633.22893575144
1565	6223.634874154898	5281.905845753828
1566	6218.345639402622	5550.919927829336
1567	6068.194910980889	6405.276614670665
1568	6307.619586725942	6298.250438143207
1569	6389.725431238114	6659.634366942492
1570	6241.768022251645	6024.465778981193
1571	6439.992009558449	6211.989756273761
1572	6508.068758893546	6299.875866146995
1573	6466.10750922358	6435.751216709588
1574	6365.239705640953	6549.1661075834845
1575	6588.284065486874	6490.589854548599
1576	6378.761528017763	7167.044398351133
1577	6326.085948971595	7012.02728896391
1578	6462.605501129225	7337.71562541573
1579	6325.380662468265	7199.130880881969
1580	6547.576311297731	7139.428783712101
1581	6522.36637217437	7141.7148847918625
1582	6384.495020885356	7153.360218838236
1583	6539.052072697132	7110.949801112095
1584	6174.94791535269	7105.854714131137
1585	6088.728667005875	6882.773403801799
1586	6582.27420630301	8015.069772189146
1587	6465.383825579992	8013.12389131747
1588	6387.314499781055	7813.344837734389
1589	6238.32440001702	7893.099618243228
1590	6551.8774987917905	7951.514084169921
1591	6222.082878545993	7847.384585373783
1592	6463.487689031352	7802.146512778148
1593	6549.915524168545	7824.575350193772
1594	6250.775111459091	7880.379702229436
1595	6038.564366322157	7709.361645770708
1596	6696.3925535326325	8760.685317218971
1597	6275.275817635353	8680.058752504381
1598	6081.152529193199	8528.659980984761
1599	6525.317060862428	8764.693376604855
1600	6161.229367330191	8341.025793043265
1601	6520.244451596112	8279.27026555336
1602	6399.1969860936915	8602.794536592462
1603	6446.205879994023	8766.264023969425
1604	6314.611808299138	8842.626571949831
1605	6330.373545463221	8683.92138157873
1606	6269.501062810389	9257.870117859544
1607	6268.611635843705	9287.276703203246
1608	6320.126405823038	9215.867566805528
1609	6557.186440166008	9549.014211210397
1610	6465.606960011167	9492.621841744289
1611	6342.215092059737	9217.442437488526
1612	6546.187843291307	9708.646103392908
1613	6332.911356015312	9344.437009611924
1614	6261.641708163801	9259.010024258667
1615	6386.011495815532	9417.813984424973
1616	6345.381887756988	10077.447645198123
1617	6461.26656875569	10480.334184350892
1618	6362.513376195581	10097.582400615234
1619	6309.074367059004	10068.607307603046
1620	6565.2197753005485	10306.646813198235
1621	6519.135161319832	10468.94562022859
1622	6338.083980381288	9946.731783697353
1623	6146.571576378072	9827.602193549446
1624	6462.589324274442	10159.32040612035
1625	6240.163982578542	9816.781645438754
1626	6336.142897826131	10722.240856123482
1627	6336.20363464382	10656.101353889613
1628	6177.0616033810775	11064.125510665252
1629	6266.396785513303	11077.84624700413
1630	6494.842417988569	10963.875054725495
1631	6416.966248793661	11033.919066667939
1632	6036.065419460267	10777.97990138547
1633	6706.625916811162	11050.069275714377
1634	6420.254713637107	10809.140781089322
1635	6341.545582371035	10707.883829313576
1636	6592.894779573869	10761.818123421377
1637	6456.760390180919	11507.401237498072
1638	6076.2548691130205	11398.336489987201
1639	6426.148046741195	11790.327814476976
1640	6524.673438419915	11710.2453075634
1641	6210.251298643026	11681.3934751935
1642	6378.879016075182	11598.722562554369
1643	6695.575396302542	11687.052401909525
1644	6416.185648521154	11720.90716809401
1645	6288.97044681566	11581.52448359617
1646	6439.991077667336	11880.226504325332
1647	6211.310371520047	11318.862554801466
1648	6139.277571702637	12083.349632611933
1649	6457.337908535418	12521.172396654105
1650	6385.02743239816	12125.652901073237
1651	6555.0718457913035	12586.844204807197
1652	6350.330719993727	12321.075259410081
1653	6343.730874629353	12353.65145354734
1654	6213.671082198306	12328.896009231314
1655	6576.281044596128	12474.866382221304
1656	6358.782002708797	12517.148231306172
1657	6407.0144223098205	12404.415375700904
1658	6338.475095136344	12407.928153436425
1659	6472.3714222902145	13117.388783517015
1660	6464.124607112035	13183.007727976328
1661	6131.396674106281	12937.873824342338
1662	6709.1321309809555	13295.237243416726
1663	6483.951236018328	13336.899725290905
1664	6387.424941895133	13076.236104762942
1665	6188.953017960224	13044.45694892308
1666	6413.95612443979	12985.945259726417
1667	6188.689548280506	13108.152350517455
1668	6152.414271646098	12892.68984528558
1669	6532.586025270422	13397.112186241198
1670	6303.055332297553	13902.150135485306
1671	6247.599690378289	13979.038557586857
1672	6616.097032709852	13664.212955775376
1673	6314.905457177261	13937.302404778828
1674	6283.222546153706	13853.406030425063
1675	6673.1656503636095	13647.57474866839
1676	6360.093659327188	13948.704661144733
1677	6297.885371844738	13960.463914152077
1678	6352.015798958667	13939.61531029214
1679	6301.95946078914	13917.53128169123
1680	7090.421176569317	388.63479274505096
1681	7159.281891904308	383.48426704907007
1682	7112.569417181102	248.71299477012502
1683	7052.475866898546	547.0416363196344
1684	7254.828799130321	303.14390714430203
1685	7141.196244824368	598.7723206648053
1686	7070.328735700124	4.006667364690941
1687	7084.689930326263	546.1546285641896
1688	7225.065033369579	529.6739264561174
1689	7170.3351846800315	472.1262354495485
1690	7013.807719416018	103.24862347250217
1691	7165.431154707248	1497.8140578479283
1692	7191.74316208522	1102.4526590357611
1693	7064.600509603774	1001.7154163389325
1694	7146.2039945863025	1067.608067097758
1695	7173.12311760747	946.8167782682093
1696	7005.086693792919	1156.1150887832346
1697	7081.654690205408	1263.1927066135313
1698	7202.445979034957	1096.1122839022928
1699	6999.040261527422	1176.0922152869525
1700	7220.670436849267	942.0807268253586
1701	6913.142013746207	1565.5792611015095
1702	7213.323035883478	2066.217600644291
1703	7349.121154120857	2133.98806900018
1704	7200.006051033464	1986.0898736192887
1705	7214.985306719678	1961.5760833254333
1706	7278.37114370008	1883.3803541025054
1707	7062.934570608354	1893.730342327905
1708	6915.839283404948	1703.4912860249244
1709	6990.84847079848	1798.7613594596933
1710	7111.428969984453	1757.1857703942699
1711	7175.5349656965645	2732.4590203153302
1712	7191.5408559924645	2681.148498395723
1713	7260.436519562874	2807.3252813767963
1714	7122.113067695298	2663.174800323155
1715	7047.713074339949	2481.667582882721
1716	7341.3906036121325	2777.6132279456815
1717	7114.0205569992795	2604.991439729749
1718	7193.218892878324	2713.9663689201334
1719	6868.633346680239	2356.6156378141477
1720	7163.688604824171	2728.541844727772
1721	6896.709511718701	2327.4962975687763
1722	7230.792787464833	3477.0859984549284
1723	7198.92118483052	3412.849672132825
1724	7102.149589001736	3473.782282306129
1725	7204.775291882389	3437.188022309847
1726	7127.401090220475	3345.697499581458
1727	7195.668145153621	3391.5889430761304
1728	7125.569915399357	3288.1095365534866
1729	6938.835887379445	3240.9979595430927
1730	7288.649725612883	3548.151953912955
1731	6837.2363830547465	3134.54813212914
1732	7160.262857351377	4107.382159497468
1733	7393.893434484541	4386.383474785816
1734	7092.985920047493	4171.497696515917
1735	7090.804932255363	4093.388061171948
1736	6952.993336134747	4157.950803889098
1737	7026.331630677954	3899.245747234125
1738	7376.221929298161	4374.501563375702
1739	7138.714422761637	4125.848314810003
1740	7014.2570768130145	3970.1794511358526
1741	7003.534460175687	3963.6227275841215
1742	7111.049509413046	4935.5708384164855
1743	7137.176975140807	4823.690610804492
1744	7113.134879166589	4926.976757413327
1745	7457.170368103302	5049.0340384928095
1746	7139.607567612636	4802.208214985361
1747	6954.267874913875	4818.627344269646
1748	7142.318828961117	4924.007280698323
1749	7078.228090977075	4867.070792380202
1750	6992.045905711563	4727.814122539335
1751	7035.920492975101	5466.577977168733
1752	7212.180566013491	5700.068382579006
1753	7052.343664477882	5442.206738711966
1754	6864.201868888761	5355.53880648805
1755	7226.045054999535	5762.084556336014
1756	7016.898261075335	5635.463774182971
1757	7291.580479792854	5795.555693909617
1758	7251.423615310898	5822.685379132768
1759	7174.405996466139	5644.818691490844
1760	7171.76139607745	6329.819267084888
1761	7284.405928928696	6592.340785730844
1762	7174.714663389673	6328.441075672518
1763	7349.297991762129	6437.280948833243
1764	6989.683154174785	6362.736224910852
1765	7109.785352139689	6356.691339024933
1766	6835.852515023353	6238.2360531918
1767	6814.171275989747	6165.213193145617
1768	7329.968724173573	6409.509593693621
1769	7190.3589983409065	6529.731518711723
1770	7026.536924887248	7038.11171323436
1771	7110.594240221963	7204.693884766808
1772	6929.32750437101	7008.3562503611365
1773	6982.78457263598	7049.024367626626
1774	7160.606494880689	7045.5267550081
1775	7281.5342619389085	7090.114876990377
1776	7082.415021032493	7112.671645262141
1777	7137.407123996021	7036.566376289503
1778	7086.771583436203	7184.153781208082
1779	7293.866050758868	7297.213207655404
1780	7044.004383487282	7019.722203590561
1781	7364.151838353332	7413.8449380069205
1782	7133.935652600384	7796.942314007246
1783	7031.624587393592	7835.4570558884125
1784	7033.564000895523	7936.692133825229
1785	6951.675272938462	7542.458966458208
1786	7220.751182911543	7894.588570697498
1787	7111.794701686666	7913.422467322027
1788	7180.196514169382	7907.368597138429
1789	7270.200460050835	8046.75261423982
1790	7154.941296884679	7905.536288035501
1791	7129.707500479776	7939.602077958118
1792	7156.608829989143	7906.1789144295135
1793	7031.16065175229	8629.901600583342
1794	6983.555746961898	8431.50079392194
1795	6986.4231042815	8549.942971076502
1796	7092.436303448341	8924.144390092843
1797	7231.711976403394	8390.386953929858
1798	7107.252864401006	8601.115139303878
1799	7429.954739747968	8843.23750068503
1800	6953.3751178518405	8406.067108720907
1801	7130.4174991247155	8756.686207104776
1802	7303.711996027088	8717.017334580842
1803	7011.0418223079405	9111.004639453273
1804	7395.260650430302	9634.969576737336
1805	7035.383820084227	9259.669453662143
1806	6970.348512955486	9234.982883967705
1807	7351.516928330025	9428.53083293872
1808	6950.001858279258	9233.870952501762
1809	7377.807977078933	9594.031050559694
1810	6993.502477492495	9458.476880745831
1811	7053.301559828196	9350.124867022743
1812	7111.834393213138	9444.338862410807
1813	7148.587111948364	10224.659735493642
1814	7344.064078596852	10382.783661776202
1815	7304.861136912019	10231.185727916874
1816	7027.490796542893	10006.374860392125
1817	7243.875302650766	10234.366931690118
1818	7140.76810289301	10042.01896087549
1819	6844.216565593524	9876.432779790046
1820	6946.136904862574	10002.177342065503
1821	6953.396587128696	10826.46667021179
1822	7297.135284978569	11040.109232643523
1823	6914.740492939086	10801.943878380782
1824	7153.745071633376	10737.312698132839
1825	7085.675251019797	10754.075388726656
1826	7451.236508844617	11059.91819893368
1827	7070.773567850488	10850.330071418008
1828	7040.812165742293	10770.118744093432
1829	7275.481659791791	11016.752635801811
1830	7007.003410071278	10892.97248165748
1831	6817.959202487643	11409.707295379116
1832	6878.911742183246	11463.0224862194
1833	7224.575378301263	11784.182407444987
1834	7190.409590882843	11570.443003966575
1835	7193.116186784068	11664.393221270597
1836	7313.182680327987	11832.0198280543
1837	7063.418010562875	11589.425263220504
1838	7214.419470733646	11755.532377568434
1839	7260.04792921445	11694.87044080117
1840	7093.95980852197	11486.403676074902
1841	7287.5488368608685	12555.023723137268
1842	7016.839728577124	12122.040853836266
1843	7321.018146726203	12694.690297247234
1844	7039.168092013509	12336.249233937348
1845	7218.922285795566	12505.836864387711
1846	7106.220639614011	12422.05191043092
1847	7127.33477180612	12329.929235263444
1848	7151.925203079061	12386.76724990285
1849	7094.304683860011	12276.832851717507
1850	6886.7176116675255	12120.577780139462
1851	7195.508768967707	13330.38348541339
1852	7215.33917211663	13271.86963155039
1853	7212.89224201379	12962.81279847443
1854	7279.823393784823	13466.5475321781
1855	7238.85236442178	13146.123628725703
1856	6942.826939129399	13031.75886085113
1857	6878.888053547801	12921.069799845947
1858	7026.344806677138	13124.529736153894
1859	7237.903337985368	13071.596724319948
1860	7021.620921355591	12923.307802487041
1861	6961.070866390703	13958.878415925663
1862	6931.950716789158	13972.187293780857
1863	7096.717873180259	13860.78254505248
1864	7275.773546414369	13894.618159004702
1865	7317.938629687862	13856.539134721837
1866	7437.972322868502	13987.313325820704
1867	6768.554039811063	13758.504174044787
1868	7170.530879194842	13751.20510220811
1869	7132.1219246829205	13805.40502506767
1870	7157.3692009803035	13904.56682437319
